season_year,teamTriCode,teamCommonName,conferenceAbbrev,divisionAbbrev,gamesPlayed,wins,losses,otLosses,points,goalFor,goalAgainst,goalDifferential,points_percentage,season_type,prior_season_year,total_mis,total_aav_spent,signing_count,signing_count_tier1,signing_count_tier2,signing_count_tier3,signing_count_tier4,has_goalie_signing,total_aav_committed,total_contract_value,signing_count_cap,cap_ceiling,cap_ceiling_change,cap_spending_pct,near_cap_floor,heavy_spender,count_within_division,count_cross_division,count_cross_conference,total_signing_count,pct_cross_conference,any_cross_conference,prior_season_points_pct,mis_index
2018,ANA,Ducks,W,P,82,44,25,13,101,235,216,19,0.615854,standard,2017,664569.1,3184943,5,0,3,1,1,FALSE,3184943,7050000,5,79500000,4500000,0.04006217610062893,TRUE,FALSE,0,1,4,5,0.8,TRUE,0.640244,27.3
2018,ARI,Coyotes,W,P,82,29,41,12,70,208,256,-48,0.426829,standard,2017,502500,3350000,1,0,0,0,1,FALSE,3350000,10050000,1,79500000,4500000,0.04213836477987421,TRUE,FALSE,0,0,1,2,0.5,TRUE,0.426829,20.7
2018,BOS,Bruins,E,A,82,50,20,12,112,270,214,56,0.682927,standard,2017,2160015.9,8050106,6,1,2,1,2,TRUE,8050106,23800000,6,79500000,4500000,0.10125919496855346,FALSE,FALSE,0,4,2,6,0.3333333333333333,TRUE,0.579268,88.8
2018,BUF,Sabres,E,A,82,25,45,12,62,199,280,-81,0.378049,standard,2017,962746.75,2750705,2,2,0,0,0,TRUE,2750705,8950000,2,79500000,4500000,0.03460006289308176,TRUE,FALSE,0,0,2,3,0.6666666666666666,TRUE,0.47561,39.6
2018,CAR,Hurricanes,E,M,82,36,35,11,83,228,256,-28,0.506098,standard,2017,1825000,6700000,3,1,2,0,0,TRUE,6700000,20350000,3,79500000,4500000,0.08427672955974842,FALSE,FALSE,2,1,1,4,0.25,TRUE,0.530488,75
2018,CBJ,Blue Jackets,E,M,82,45,30,7,97,242,230,12,0.591463,standard,2017,671426.25,8125705,7,0,3,0,0,FALSE,8125705,20500000,7,79500000,4500000,0.10221012578616352,FALSE,FALSE,0,3,4,8,0.5,TRUE,0.658537,27.6
2018,CGY,Flames,W,P,82,37,35,10,84,218,248,-30,0.512195,standard,2017,1677605.75,17175705,7,0,0,3,2,FALSE,17175705,72075000,7,79500000,4500000,0.2160466037735849,FALSE,TRUE,2,1,4,7,0.5714285714285714,TRUE,0.573171,69
2018,CHI,Blackhawks,W,C,82,33,39,10,76,229,256,-27,0.463415,standard,2017,725123,2900412,4,1,2,0,1,TRUE,2900412,9150000,4,79500000,4500000,0.03648316981132075,TRUE,FALSE,0,0,4,4,1,TRUE,0.664634,29.8
2018,COL,Avalanche,W,C,82,43,30,9,95,257,237,20,0.579268,standard,2017,1490000,7100000,2,0,1,0,1,FALSE,7100000,21300000,2,79500000,4500000,0.08930817610062892,FALSE,FALSE,0,1,2,4,0.5,TRUE,0.292683,61.3
2018,DAL,Stars,W,C,82,42,32,8,92,235,225,10,0.560976,standard,2017,1463855.75,5125705,5,1,2,0,2,TRUE,5125705,9000000,5,79500000,4500000,0.06447427672955974,FALSE,FALSE,1,1,3,5,0.6,TRUE,0.481707,60.2
2018,DET,Red Wings,E,A,82,30,39,13,73,217,255,-38,0.445122,standard,2017,621387.7,2625918,7,2,1,1,1,TRUE,2625918,18300000,7,79500000,4500000,0.03303041509433962,TRUE,FALSE,2,3,2,8,0.25,TRUE,0.481707,25.5
2018,EDM,Oilers,W,P,82,36,40,6,78,234,263,-29,0.47561,standard,2017,490233.65,2451017,6,0,3,1,2,FALSE,2451017,7300000,6,79500000,4500000,0.03083040251572327,TRUE,FALSE,3,1,2,6,0.3333333333333333,TRUE,0.628049,20.2
2018,FLA,Panthers,E,A,82,44,30,8,96,248,246,2,0.585366,standard,2017,717676.25,2825705,4,1,1,1,1,TRUE,2825705,4200000,4,79500000,4500000,0.03554345911949685,TRUE,FALSE,0,0,4,4,1,TRUE,0.493902,29.5
2018,LAK,Kings,W,P,82,45,29,8,98,239,203,36,0.597561,standard,2017,1035000,6900000,2,0,0,0,2,FALSE,6900000,19400000,2,79500000,4500000,0.08679245283018867,FALSE,FALSE,0,1,1,2,0.5,TRUE,0.52439,42.5
2018,MIN,Wild,W,C,82,45,26,11,101,253,232,21,0.615854,standard,2017,659501.95,3963311,8,1,1,1,3,TRUE,3963311,7025000,8,79500000,4500000,0.04985296855345911,TRUE,FALSE,2,4,2,8,0.25,TRUE,0.646341,27.1
2018,MTL,Canadiens,E,A,82,29,40,13,71,209,264,-55,0.432927,standard,2017,845282,4226410,5,0,1,3,1,FALSE,4226410,7600000,5,79500000,4500000,0.05316238993710692,FALSE,FALSE,4,0,1,5,0.2,TRUE,0.628049,34.7
2018,NJD,Devils,E,M,82,44,29,9,97,248,244,4,0.591463,standard,2017,357676.25,1950705,4,0,2,0,2,FALSE,1950705,2650000,4,79500000,4500000,0.02453716981132075,TRUE,FALSE,0,1,3,5,0.6,TRUE,0.426829,14.7
2018,NSH,Predators,W,C,82,53,18,11,117,267,211,56,0.713415,standard,2017,702500,3200000,4,0,2,1,1,FALSE,3200000,4450000,4,79500000,4500000,0.04025157232704402,TRUE,FALSE,2,0,2,4,0.5,TRUE,0.573171,28.9
2018,NYI,Islanders,E,M,82,35,37,10,80,264,296,-32,0.487805,standard,2017,1648916.95,7076011,7,1,1,2,3,TRUE,7076011,20450000,7,79500000,4500000,0.08900642767295598,FALSE,FALSE,2,4,1,10,0.1,TRUE,0.573171,67.8
2018,NYR,Rangers,E,M,82,34,39,9,77,231,268,-37,0.469512,standard,2017,227676.25,650705,2,1,1,0,0,TRUE,650705,1350000,2,79500000,4500000,0.00818496855345912,TRUE,FALSE,1,1,0,3,0,FALSE,0.621951,9.4
2018,OTT,Senators,E,A,82,28,43,11,67,221,291,-70,0.408537,standard,2017,260387.75,1301410,4,1,0,3,0,TRUE,1301410,2700000,4,79500000,4500000,0.01636993710691824,TRUE,FALSE,1,2,1,4,0.25,TRUE,0.597561,10.7
2018,PHI,Flyers,E,M,82,42,26,14,98,251,243,8,0.597561,standard,2017,307.15,1511,2,0,1,0,1,FALSE,1511,35800000,2,79500000,4500000,1.90062893081761e-5,TRUE,FALSE,0,1,1,2,0.5,TRUE,0.536585,0
2018,PIT,Penguins,E,M,82,47,29,6,100,272,250,22,0.609756,standard,2017,1365000,5850000,5,1,1,1,2,TRUE,5850000,18850000,5,79500000,4500000,0.07358490566037736,FALSE,FALSE,3,0,2,6,0.3333333333333333,TRUE,0.676829,56.1
2018,SJS,Sharks,W,P,82,45,27,10,100,252,229,23,0.609756,standard,2017,0,0,0,0,0,0,0,FALSE,0,0,0,79500000,4500000,0,TRUE,FALSE,0,0,0,2,0,FALSE,0.603659,0
2018,STL,Blues,W,C,82,44,32,6,94,226,222,4,0.573171,standard,2017,976527.45,5026211,8,1,2,1,1,TRUE,5026211,21400000,8,79500000,4500000,0.06322277987421383,FALSE,FALSE,1,2,5,8,0.625,TRUE,0.603659,40.1
2018,TBL,Lightning,E,A,82,54,23,5,113,296,236,60,0.689024,standard,2017,162500,650000,1,0,1,0,0,FALSE,650000,650000,1,79500000,4500000,0.00817610062893081,TRUE,FALSE,0,1,0,1,0,FALSE,0.573171,6.7
2018,TOR,Maple Leafs,E,A,82,49,26,7,105,277,232,45,0.640244,standard,2017,650000.2214,4550001.107,8,0,2,2,1,FALSE,4550001.107,81550000,8,79500000,4500000,0.05723271832704402,FALSE,FALSE,1,3,4,9,0.4444444444444444,TRUE,0.579268,26.7
2018,VAN,Canucks,W,P,82,31,40,11,73,218,264,-46,0.445122,standard,2017,380091.8,1900612,3,0,0,1,2,FALSE,1900612,27800000,3,79500000,4500000,0.02390706918238993,TRUE,FALSE,0,1,2,3,0.6666666666666666,TRUE,0.420732,15.6
2018,VGK,Golden Knights,W,P,82,51,24,7,109,272,228,44,0.664634,standard,2017,2432500,11500000,6,1,1,2,2,TRUE,11500000,27450000,6,79500000,4500000,0.14465408805031446,FALSE,FALSE,0,2,4,10,0.4,TRUE,0.5587398333333333,100
2018,WPG,Jets,W,C,82,52,20,10,114,277,218,59,0.695122,standard,2017,552500,1950000,3,2,0,0,1,TRUE,1950000,1950000,3,79500000,4500000,0.02452830188679245,TRUE,FALSE,1,1,2,5,0.4,TRUE,0.530488,22.7
2018,WSH,Capitals,E,M,82,49,26,7,105,259,239,20,0.640244,standard,2017,0,0,0,0,0,0,0,FALSE,0,0,0,79500000,4500000,0,TRUE,FALSE,0,0,0,0,0,FALSE,0.719512,0
2019,ANA,Ducks,W,P,82,35,37,10,80,199,251,-52,0.487805,standard,2018,600423,2252115,6,1,2,2,1,TRUE,2252115,5100000,6,81500000,2000000,0.02763331288343558,TRUE,FALSE,1,2,3,6,0.5,TRUE,0.615854,22.4
2019,ARI,Coyotes,W,P,82,39,35,8,86,213,223,-10,0.52439,standard,2018,181250,725000,1,0,1,0,0,FALSE,725000,1450000,1,81500000,2000000,0.00889570552147239,TRUE,FALSE,0,0,1,1,1,TRUE,0.426829,6.8
2019,BOS,Bruins,E,A,82,49,24,9,107,259,215,44,0.652439,standard,2018,340509.4,1702926,6,1,1,1,1,TRUE,1702926,5500000,6,81500000,2000000,0.02089479754601227,TRUE,FALSE,0,0,6,6,1,TRUE,0.682927,12.7
2019,BUF,Sabres,E,A,82,33,39,10,76,226,271,-45,0.463415,standard,2018,675564,13502115,6,1,1,1,0,TRUE,13502115,29100000,6,81500000,2000000,0.1656701226993865,FALSE,TRUE,4,1,1,6,0.16666666666666666,TRUE,0.378049,25.2
2019,CAR,Hurricanes,E,M,82,46,29,7,99,245,223,22,0.603659,standard,2018,1459032,11526410,6,0,2,0,2,FALSE,11526410,31825000,6,81500000,2000000,0.1414283435582822,FALSE,FALSE,2,2,2,8,0.25,TRUE,0.506098,54.3
2019,CBJ,Blue Jackets,E,M,82,47,31,4,98,258,232,26,0.597561,standard,2018,933870.75,17227415,7,0,0,0,1,FALSE,17227415,69850000,7,81500000,2000000,0.21137932515337424,FALSE,TRUE,0,0,7,7,1,TRUE,0.591463,34.8
2019,CGY,Flames,W,P,82,50,25,7,107,289,227,62,0.652439,standard,2018,963028.75,2752820,5,1,1,1,2,TRUE,2752820,5550000,5,81500000,2000000,0.03377693251533742,TRUE,FALSE,1,2,2,6,0.3333333333333333,TRUE,0.512195,35.9
2019,CHI,Blackhawks,W,C,82,36,34,12,84,270,292,-22,0.512195,standard,2018,198.3,612,2,1,0,1,0,TRUE,612,8000000,2,81500000,2000000,7.50920245398773e-6,TRUE,FALSE,0,1,1,3,0.3333333333333333,TRUE,0.463415,0
2019,COL,Avalanche,W,C,82,38,30,14,90,260,246,14,0.54878,standard,2018,842958.25,7352115,7,0,1,2,2,FALSE,7352115,24450000,7,81500000,2000000,0.09021,FALSE,FALSE,1,4,2,8,0.25,TRUE,0.579268,31.4
2019,DAL,Stars,W,C,82,43,32,7,93,210,202,8,0.567073,standard,2018,372622.1,2239118,5,0,1,1,1,FALSE,2239118,46975000,5,81500000,2000000,0.02747384049079754,TRUE,FALSE,0,5,0,6,0,FALSE,0.560976,13.9
2019,DET,Red Wings,E,A,82,32,40,10,74,227,277,-50,0.45122,standard,2018,262637.7,750612,3,1,1,1,0,TRUE,750612,13500000,3,81500000,2000000,0.00920996319018404,TRUE,FALSE,0,1,2,3,0.6666666666666666,TRUE,0.445122,9.8
2019,EDM,Oilers,W,P,82,35,38,9,79,232,274,-42,0.481707,standard,2018,260223.75,1301217,4,1,0,1,2,TRUE,1301217,5200000,4,81500000,2000000,0.01596585276073619,TRUE,FALSE,2,1,1,5,0.2,TRUE,0.47561,9.7
2019,FLA,Panthers,E,A,82,36,32,14,86,267,280,-13,0.52439,standard,2018,2685117.6,18347479,11,2,3,2,0,TRUE,18347479,125830000,11,81500000,2000000,0.22512244171779144,FALSE,TRUE,2,5,4,11,0.3636363636363637,TRUE,0.585366,100
2019,LAK,Kings,W,P,82,31,42,9,71,202,263,-61,0.432927,standard,2018,556461.5,2226410,4,0,2,0,2,FALSE,2226410,3625000,4,81500000,2000000,0.02731791411042945,TRUE,FALSE,2,1,1,4,0.25,TRUE,0.597561,20.7
2019,MIN,Wild,W,C,82,37,36,9,83,211,237,-26,0.506098,standard,2018,285342.6,1902622,5,0,0,2,1,FALSE,1902622,66600000,5,81500000,2000000,0.02334505521472392,TRUE,FALSE,4,0,1,5,0.2,TRUE,0.615854,10.6
2019,MTL,Canadiens,E,A,82,44,30,8,96,249,236,13,0.585366,standard,2018,1487863.1,5252327,7,1,1,1,2,TRUE,5252327,16350000,7,81500000,2000000,0.0644457300613497,FALSE,FALSE,0,3,4,7,0.5714285714285714,TRUE,0.432927,55.4
2019,NJD,Devils,E,M,82,31,41,10,72,222,275,-53,0.439024,standard,2018,113079.35,753127,6,0,3,0,1,FALSE,753127,13550000,6,81500000,2000000,0.00924082208588957,TRUE,FALSE,0,1,5,6,0.8333333333333334,TRUE,0.591463,4.2
2019,NSH,Predators,W,C,82,47,29,6,100,240,214,26,0.609756,standard,2018,150186.35,752317,4,0,0,1,1,FALSE,752317,113450000,4,81500000,2000000,0.00923088343558282,TRUE,FALSE,0,1,3,4,0.75,TRUE,0.713415,5.6
2019,NYI,Islanders,E,M,82,48,27,7,103,228,196,32,0.628049,standard,2018,529.5999999999999,1916,3,2,0,0,1,TRUE,1916,22100000,3,81500000,2000000,2.350920245398773e-5,TRUE,FALSE,1,0,2,5,0.4,TRUE,0.487805,0
2019,NYR,Rangers,E,M,82,32,36,14,78,227,272,-45,0.47561,standard,2018,1896675.3,12394267,4,0,0,2,2,FALSE,12394267,83650000,4,81500000,2000000,0.15207689570552146,FALSE,TRUE,2,0,2,4,0.5,TRUE,0.469512,70.6
2019,OTT,Senators,E,A,82,29,47,6,64,242,302,-60,0.390244,standard,2018,875241.5,3503220,5,0,1,0,1,FALSE,3503220,6700000,5,81500000,2000000,0.0429842944785276,TRUE,FALSE,5,0,0,5,0,FALSE,0.408537,32.6
2019,PHI,Flyers,E,M,82,37,37,8,82,244,281,-37,0.5,standard,2018,300881.25,1503525,7,1,4,0,2,TRUE,1503525,7850000,7,81500000,2000000,0.01844815950920245,TRUE,FALSE,3,1,3,7,0.42857142857142855,TRUE,0.597561,11.2
2019,PIT,Penguins,E,M,82,44,26,12,100,273,241,32,0.609756,standard,2018,525282,10501410,5,0,1,0,1,FALSE,10501410,65800000,5,81500000,2000000,0.12885165644171778,FALSE,FALSE,0,0,5,5,1,TRUE,0.609756,19.6
2019,SJS,Sharks,W,P,82,46,27,9,101,289,261,28,0.615854,standard,2018,412.75,2920,4,0,1,1,0,FALSE,2920,2900000,4,81500000,2000000,3.58282208588957e-5,TRUE,FALSE,2,0,2,6,0.3333333333333333,TRUE,0.609756,0
2019,STL,Blues,W,C,82,45,28,9,99,247,223,24,0.603659,standard,2018,113205,753525,6,0,2,1,3,FALSE,753525,4950000,6,81500000,2000000,0.00924570552147239,TRUE,FALSE,0,2,4,6,0.6666666666666666,TRUE,0.573171,4.2
2019,TBL,Lightning,E,A,82,62,16,4,128,325,222,103,0.780488,standard,2018,1218628,4354230,9,3,4,2,0,TRUE,4354230,10550000,9,81500000,2000000,0.05342613496932515,FALSE,FALSE,5,2,2,9,0.2222222222222222,TRUE,0.689024,45.4
2019,TOR,Maple Leafs,E,A,82,46,28,8,100,286,251,35,0.609756,standard,2018,219939,1465320,6,0,1,2,3,FALSE,1465320,5000000,6,81500000,2000000,0.01797938650306748,TRUE,FALSE,0,2,4,6,0.6666666666666666,TRUE,0.640244,8.2
2019,VAN,Canucks,W,P,82,35,36,11,81,225,254,-29,0.493902,standard,2018,563196.5,7852927,8,1,3,1,1,TRUE,7852927,64950000,8,81500000,2000000,0.09635493251533744,FALSE,FALSE,2,1,5,8,0.625,TRUE,0.445122,21
2019,VGK,Golden Knights,W,P,82,43,32,7,93,249,230,19,0.567073,standard,2018,564,2820,4,0,2,0,2,FALSE,2820,4200000,4,81500000,2000000,3.460122699386503e-5,TRUE,FALSE,1,0,3,9,0.3333333333333333,TRUE,0.664634,0
2019,WPG,Jets,W,C,82,47,30,5,99,272,244,28,0.603659,standard,2018,423,2115,3,0,1,1,1,FALSE,2115,2100000,3,81500000,2000000,2.5950920245398778e-5,TRUE,FALSE,2,0,1,5,0.2,TRUE,0.695122,0
2019,WSH,Capitals,E,M,82,48,26,8,104,278,249,29,0.634146,standard,2018,0,0,0,0,0,0,0,FALSE,0,0,0,81500000,2000000,0,TRUE,FALSE,0,0,0,0,0,FALSE,0.640244,0
2020,ANA,Ducks,W,P,71,29,33,9,67,187,226,-39,0.471831,covid_shortened,2019,1775000,7850000,5,0,3,1,1,FALSE,7850000,18650000,5,81500000,0,0.09631901840490796,FALSE,FALSE,1,0,4,7,0.5714285714285714,TRUE,0.487805,80.7
2020,ARI,Coyotes,W,P,70,33,29,8,74,195,187,8,0.528571,covid_shortened,2019,622767.95,3901516,6,0,0,3,3,FALSE,3901516,9450000,6,81500000,0,0.04787136196319018,TRUE,FALSE,0,0,6,6,1,TRUE,0.52439,28.3
2020,BOS,Bruins,E,A,70,44,14,12,100,227,174,53,0.714286,covid_shortened,2019,310387.75,6201410,4,1,0,1,0,TRUE,6201410,20000000,4,81500000,0,0.07609092024539878,FALSE,FALSE,0,2,2,5,0.4,TRUE,0.652439,14.1
2020,BUF,Sabres,E,A,69,30,31,8,68,195,217,-22,0.492754,covid_shortened,2019,450644.6,2254432,7,0,2,1,2,FALSE,2254432,23300000,7,81500000,0,0.02766174233128834,TRUE,FALSE,0,1,7,9,0.7777777777777778,TRUE,0.463415,20.5
2020,CAR,Hurricanes,E,M,68,38,25,5,81,222,193,29,0.595588,covid_shortened,2019,549.35,2527,5,1,1,0,1,TRUE,2527,14100000,5,81500000,0,3.100613496932515e-5,TRUE,FALSE,2,1,2,6,0.3333333333333333,TRUE,0.603659,0
2020,CBJ,Blue Jackets,E,M,70,33,22,15,81,180,187,-7,0.578571,covid_shortened,2019,477676.25,2210705,3,0,2,1,0,FALSE,2210705,2910000,3,81500000,0,0.02712521472392638,TRUE,FALSE,0,0,3,3,1,TRUE,0.597561,21.7
2020,CGY,Flames,W,P,70,36,27,7,79,210,215,-5,0.564286,covid_shortened,2019,1256919.75,5377820,6,1,2,1,2,TRUE,5377820,21675000,6,81500000,0,0.06598552147239264,FALSE,FALSE,3,0,3,8,0.375,TRUE,0.652439,57.1
2020,CHI,Blackhawks,W,C,70,32,30,8,72,212,218,-6,0.514286,covid_shortened,2019,821271.2,3925106,4,0,1,3,0,FALSE,3925106,5650000,4,81500000,0,0.04816080981595092,TRUE,FALSE,2,0,2,5,0.4,TRUE,0.512195,37.3
2020,COL,Avalanche,W,C,70,42,20,8,92,237,191,46,0.657143,covid_shortened,2019,112887.75,752115,4,0,0,2,2,FALSE,752115,2850000,4,81500000,0,0.00922840490797546,TRUE,FALSE,1,1,2,6,0.3333333333333333,TRUE,0.54878,5.1
2020,DAL,Stars,W,C,69,37,24,8,82,180,177,3,0.594203,covid_shortened,2019,0,0,0,0,0,0,0,FALSE,0,0,0,81500000,0,0,TRUE,FALSE,0,0,0,2,0,FALSE,0.567073,0
2020,DET,Red Wings,E,A,71,17,49,5,39,145,267,-122,0.274648,covid_shortened,2019,2187531.2,7000624,8,2,2,0,0,TRUE,7000624,22300000,8,81500000,0,0.08589722699386503,FALSE,FALSE,2,1,5,9,0.5555555555555556,TRUE,0.45122,99.4
2020,EDM,Oilers,W,P,71,37,25,9,83,225,217,8,0.584507,covid_shortened,2019,1933996.75,8700705,7,1,2,3,1,TRUE,8700705,11775000,7,81500000,0,0.10675711656441718,FALSE,FALSE,1,3,3,11,0.2727272727272727,TRUE,0.481707,87.9
2020,FLA,Panthers,E,A,69,35,26,8,78,231,228,3,0.565217,covid_shortened,2019,1353898.15,8875917,8,0,1,3,2,FALSE,8875917,18300000,8,81500000,0,0.10890695705521472,FALSE,FALSE,4,2,2,9,0.2222222222222222,TRUE,0.52439,61.5
2020,LAK,Kings,W,P,70,29,35,6,64,178,212,-34,0.457143,covid_shortened,2019,240423,1201410,3,1,1,1,0,TRUE,1201410,2600000,3,81500000,0,0.01474122699386503,TRUE,FALSE,1,2,0,3,0,FALSE,0.432927,10.9
2020,MIN,Wild,W,C,69,35,27,7,77,220,220,0,0.557971,covid_shortened,2019,1284073.7,3669487,5,2,2,1,0,TRUE,3669487,13800000,5,81500000,0,0.04502438036809816,TRUE,FALSE,2,1,2,5,0.4,TRUE,0.506098,58.4
2020,MTL,Canadiens,E,A,71,31,31,9,71,212,221,-9,0.5,covid_shortened,2019,612605.75,10750705,6,0,0,0,2,FALSE,10750705,36950000,6,81500000,0,0.13191049079754602,FALSE,FALSE,2,1,3,6,0.5,TRUE,0.585366,27.8
2020,NJD,Devils,E,M,69,28,29,12,68,189,230,-41,0.492754,covid_shortened,2019,1652798.25,5050911,4,2,2,0,0,TRUE,5050911,11650000,4,81500000,0,0.06197436809815951,FALSE,FALSE,1,1,2,5,0.4,TRUE,0.439024,75.1
2020,NSH,Predators,W,C,69,35,26,8,78,215,217,-2,0.565217,covid_shortened,2019,325516.9,6501828,9,1,3,0,1,TRUE,6501828,17900000,9,81500000,0,0.07977703067484662,FALSE,FALSE,1,3,5,10,0.5,TRUE,0.609756,14.8
2020,NYI,Islanders,E,M,68,35,23,10,80,192,193,-1,0.588235,covid_shortened,2019,145000,725000,1,0,0,1,0,FALSE,725000,1450000,1,81500000,0,0.00889570552147239,TRUE,FALSE,0,0,1,4,0.25,TRUE,0.628049,6.6
2020,NYR,Rangers,E,M,70,37,28,5,79,234,222,12,0.564286,covid_shortened,2019,928266,3513205,5,1,2,2,0,TRUE,3513205,6575000,5,81500000,0,0.04310680981595092,TRUE,FALSE,2,1,2,5,0.4,TRUE,0.47561,42.2
2020,OTT,Senators,E,A,71,25,34,12,62,191,243,-52,0.43662,covid_shortened,2019,213966.9,2826211,5,0,0,1,2,FALSE,2826211,19250000,5,81500000,0,0.03467743558282209,TRUE,FALSE,1,1,3,6,0.5,TRUE,0.390244,9.7
2020,PHI,Flyers,E,M,69,41,21,7,89,232,196,36,0.644928,covid_shortened,2019,252.75,1011,2,0,2,0,0,FALSE,1011,3700000,2,81500000,0,1.2404907975460125e-5,TRUE,FALSE,0,0,2,2,1,TRUE,0.5,0
2020,PIT,Penguins,E,M,69,40,23,6,86,224,196,28,0.623188,covid_shortened,2019,313451.75,1254230,7,1,2,3,1,TRUE,1254230,5450000,7,81500000,0,0.01538932515337423,TRUE,FALSE,0,3,4,7,0.5714285714285714,TRUE,0.609756,14.2
2020,SJS,Sharks,W,P,70,29,36,5,63,182,226,-44,0.45,covid_shortened,2019,423,4230,6,0,1,0,1,FALSE,4230,4200000,6,81500000,0,5.190184049079755e-5,TRUE,FALSE,0,2,4,7,0.5714285714285714,TRUE,0.615854,0
2020,STL,Blues,W,C,71,42,19,10,94,225,193,32,0.661972,covid_shortened,2019,1625625.8,6503033,7,1,2,2,0,TRUE,6503033,57600000,7,81500000,0,0.07979181595092025,FALSE,FALSE,2,1,4,7,0.5714285714285714,TRUE,0.603659,73.9
2020,TBL,Lightning,E,A,70,43,21,6,92,245,195,50,0.657143,covid_shortened,2019,246.74999999999997,705,1,1,0,0,0,TRUE,705,700000,1,81500000,0,8.650306748466258e-6,TRUE,FALSE,0,1,0,4,0,FALSE,0.780488,0
2020,TOR,Maple Leafs,E,A,70,36,25,9,81,238,227,11,0.578571,covid_shortened,2019,404673,3729437,10,2,2,1,3,TRUE,3729437,29250000,10,81500000,0,0.04575996319018405,TRUE,FALSE,5,1,4,10,0.4,TRUE,0.609756,18.4
2020,VAN,Canucks,W,P,69,36,27,6,78,228,217,11,0.565217,covid_shortened,2019,1817661,5550805,3,1,1,1,0,TRUE,5550805,10650000,3,81500000,0,0.06810803680981595,FALSE,FALSE,1,0,2,4,0.5,TRUE,0.493902,82.6
2020,VGK,Golden Knights,W,P,71,39,24,8,86,227,211,16,0.605634,covid_shortened,2019,2200070.5,8801410,3,0,1,0,0,FALSE,8801410,63000000,3,81500000,0,0.10799276073619632,FALSE,FALSE,2,1,0,4,0,FALSE,0.567073,100
2020,WPG,Jets,W,C,71,37,28,6,80,216,203,13,0.56338,covid_shortened,2019,150379,755041,9,0,1,2,0,FALSE,755041,6650000,9,81500000,0,0.00926430674846625,TRUE,FALSE,0,4,5,11,0.4545454545454546,TRUE,0.603659,6.8
2020,WSH,Capitals,E,M,69,41,20,8,90,240,215,25,0.652174,covid_shortened,2019,0,0,0,0,0,0,0,FALSE,0,0,0,81500000,0,0,TRUE,FALSE,0,0,0,0,0,FALSE,0.634146,0
2021,ANA,Ducks,W,WST,56,17,30,9,43,126,179,-53,0.383929,covid_bubble,2020,637500,3000000,4,0,2,1,1,FALSE,3000000,3750000,4,81500000,0,0.03680981595092025,TRUE,FALSE,2,2,0,5,0,FALSE,0.471831,16.9
2021,ARI,Coyotes,W,WST,56,24,26,6,54,153,176,-23,0.482143,covid_bubble,2020,822500,6700000,8,1,0,1,2,TRUE,6700000,7450000,8,81500000,0,0.08220858895705521,FALSE,FALSE,0,5,3,9,0.3333333333333333,TRUE,0.528571,21.8
2021,BOS,Bruins,E,EST,56,33,16,7,73,168,136,32,0.651786,covid_bubble,2020,1442753.6,16100812,10,2,2,1,1,TRUE,16100812,58950000,10,81500000,0,0.1975559754601227,FALSE,TRUE,2,3,5,11,0.4545454545454546,TRUE,0.714286,38.3
2021,BUF,Sabres,E,EST,56,15,34,7,37,138,199,-61,0.330357,covid_bubble,2020,1710226.25,7050905,10,2,3,5,0,TRUE,7050905,7950000,10,81500000,0,0.0865141717791411,FALSE,FALSE,3,5,2,12,0.16666666666666666,TRUE,0.492754,45.4
2021,CAR,Hurricanes,E,CEN,56,36,12,8,80,179,136,43,0.714286,covid_bubble,2020,3770299.85,14751117,14,3,4,3,4,TRUE,14751117,25050000,14,81500000,0,0.18099530061349697,FALSE,TRUE,1,5,8,15,0.5333333333333333,TRUE,0.595588,100
2021,CBJ,Blue Jackets,E,CEN,56,18,26,12,48,137,187,-50,0.428571,covid_bubble,2020,800000,4000000,3,0,1,1,1,FALSE,4000000,12250000,3,81500000,0,0.04907975460122699,TRUE,FALSE,0,1,2,3,0.6666666666666666,TRUE,0.578571,21.2
2021,CGY,Flames,W,NTH,56,26,27,3,55,156,161,-5,0.491071,covid_bubble,2020,2105362.25,9104025,10,1,3,1,2,TRUE,9104025,37600000,10,81500000,0,0.1117058282208589,FALSE,FALSE,3,1,6,11,0.5454545454545454,TRUE,0.564286,55.8
2021,CHI,Blackhawks,E,CEN,56,24,25,7,55,161,186,-25,0.491071,covid_bubble,2020,146552.75,976211,3,0,2,0,1,FALSE,976211,18750000,3,81500000,0,0.0119780490797546,TRUE,FALSE,0,1,2,3,0.6666666666666666,TRUE,0.514286,3.9
2021,COL,Avalanche,W,WST,56,39,13,4,82,197,133,64,0.732143,covid_bubble,2020,487733.7,2251117,6,0,3,2,1,FALSE,2251117,6050000,6,81500000,0,0.02762106748466257,TRUE,FALSE,1,0,5,6,0.8333333333333334,TRUE,0.657143,12.9
2021,DAL,Stars,E,CEN,56,23,19,14,60,158,154,4,0.535714,covid_bubble,2020,2052572.1,12250206,9,1,4,0,1,TRUE,12250206,32700000,9,81500000,0,0.15030927607361963,FALSE,TRUE,6,1,2,9,0.2222222222222222,TRUE,0.594203,54.4
2021,DET,Red Wings,E,CEN,56,19,27,10,48,127,171,-44,0.428571,covid_bubble,2020,1740000,7775000,6,0,4,2,0,FALSE,7775000,13125000,6,81500000,0,0.09539877300613496,FALSE,FALSE,4,0,2,7,0.2857142857142857,TRUE,0.274648,46.2
2021,EDM,Oilers,W,NTH,56,35,19,2,72,183,154,29,0.642857,covid_bubble,2020,2168750,23875000,8,0,1,1,1,FALSE,23875000,133875000,8,81500000,0,0.2929447852760736,FALSE,TRUE,4,1,3,9,0.3333333333333333,TRUE,0.584507,57.5
2021,FLA,Panthers,E,CEN,56,37,14,5,79,189,153,36,0.705357,covid_bubble,2020,675000,2250000,3,2,0,1,0,TRUE,2250000,3000000,3,81500000,0,0.02760736196319018,TRUE,FALSE,3,0,0,3,0,FALSE,0.565217,17.9
2021,LAK,Kings,W,WST,56,21,28,7,49,143,170,-27,0.4375,covid_bubble,2020,2125000,9750000,3,0,1,2,0,FALSE,9750000,37250000,3,81500000,0,0.1196319018404908,FALSE,FALSE,0,2,1,3,0.3333333333333333,TRUE,0.457143,56.4
2021,MIN,Wild,W,WST,56,35,16,5,75,181,160,21,0.669643,covid_bubble,2020,1540352.75,6551411,8,0,6,2,0,FALSE,6551411,16650000,8,81500000,0,0.08038541104294479,FALSE,FALSE,1,3,4,8,0.5,TRUE,0.557971,40.9
2021,MTL,Canadiens,W,NTH,56,24,21,11,59,159,168,-9,0.526786,covid_bubble,2020,1947500,16850000,8,0,2,2,0,FALSE,16850000,45350000,8,81500000,0,0.2067484662576687,FALSE,TRUE,1,0,7,8,0.875,TRUE,0.5,51.7
2021,NJD,Devils,E,EST,56,19,30,7,45,145,194,-49,0.401786,covid_bubble,2020,750347.25,10501711,6,0,1,2,1,FALSE,10501711,84050000,6,81500000,0,0.12885534969325155,FALSE,FALSE,0,1,5,6,0.8333333333333334,TRUE,0.492754,19.9
2021,NSH,Predators,E,CEN,56,31,23,2,64,156,154,2,0.571429,covid_bubble,2020,737500,2750000,3,1,1,0,1,TRUE,2750000,3500000,3,81500000,0,0.03374233128834356,TRUE,FALSE,0,1,2,4,0.5,TRUE,0.565217,19.6
2021,NYI,Islanders,E,EST,56,32,17,7,71,156,128,28,0.633929,covid_bubble,2020,225000,1500000,2,0,0,0,2,FALSE,1500000,1500000,2,81500000,0,0.01840490797546012,TRUE,FALSE,1,1,0,5,0,FALSE,0.588235,6
2021,NYR,Rangers,E,EST,56,27,23,6,60,177,157,20,0.535714,covid_bubble,2020,775226.25,3250905,3,0,2,1,0,FALSE,3250905,10050000,3,81500000,0,0.03988840490797546,TRUE,FALSE,2,1,0,3,0,FALSE,0.564286,20.6
2021,OTT,Senators,W,NTH,56,23,28,5,51,157,190,-33,0.455357,covid_bubble,2020,337687.25,2252921,7,0,1,0,3,FALSE,2252921,8950000,7,81500000,0,0.02764320245398773,TRUE,FALSE,4,1,2,7,0.2857142857142857,TRUE,0.43662,9
2021,PHI,Flyers,E,EST,56,25,23,8,58,163,201,-38,0.517857,covid_bubble,2020,353120.35,1577721,6,1,2,3,0,TRUE,1577721,6075000,6,81500000,0,0.01935853987730061,TRUE,FALSE,0,3,3,6,0.5,TRUE,0.644928,9.4
2021,PIT,Penguins,E,EST,56,37,16,3,77,196,156,40,0.6875,covid_bubble,2020,1382500,6850000,6,1,1,3,1,TRUE,6850000,15100000,6,81500000,0,0.08404907975460123,FALSE,FALSE,0,2,4,7,0.5714285714285714,TRUE,0.623188,36.7
2021,SJS,Sharks,W,WST,56,21,28,7,49,151,199,-48,0.4375,covid_bubble,2020,1310015.9,5050318,6,1,0,1,1,TRUE,5050318,12350000,6,81500000,0,0.06196709202453988,FALSE,FALSE,0,1,5,7,0.7142857142857143,TRUE,0.45,34.7
2021,STL,Blues,W,WST,56,27,20,9,63,169,170,-1,0.5625,covid_bubble,2020,900000,12000000,6,0,2,0,0,FALSE,12000000,48000000,6,81500000,0,0.147239263803681,FALSE,FALSE,0,3,3,7,0.42857142857142855,TRUE,0.661972,23.9
2021,TBL,Lightning,E,CEN,56,36,17,3,75,181,147,34,0.669643,covid_bubble,2020,812843.25,3101223,8,2,2,1,1,TRUE,3101223,11700000,8,81500000,0,0.03805181595092025,TRUE,FALSE,3,3,2,8,0.25,TRUE,0.657143,21.6
2021,TOR,Maple Leafs,W,NTH,56,35,14,7,77,187,148,39,0.6875,covid_bubble,2020,3085000,13750000,10,1,2,2,5,TRUE,13750000,26300000,10,81500000,0,0.1687116564417178,FALSE,TRUE,1,3,6,10,0.6,TRUE,0.578571,81.8
2021,VAN,Canucks,W,NTH,56,23,29,4,50,151,188,-37,0.446429,covid_bubble,2020,2003433.35,9363611,12,1,5,3,3,TRUE,9363611,23775000,12,81500000,0,0.11489093251533744,FALSE,FALSE,3,0,9,15,0.6,TRUE,0.565217,53.1
2021,VGK,Golden Knights,W,WST,56,40,14,2,82,191,124,67,0.732143,covid_bubble,2020,1353750,5025000,4,1,1,1,1,TRUE,5025000,8550000,4,81500000,0,0.06165644171779141,FALSE,FALSE,0,3,1,7,0.14285714285714285,TRUE,0.605634,35.9
2021,WPG,Jets,W,NTH,56,30,23,3,63,170,154,16,0.5625,covid_bubble,2020,862500,5250000,7,1,0,2,2,TRUE,5250000,6000000,7,81500000,0,0.06441717791411043,FALSE,FALSE,2,1,4,7,0.5714285714285714,TRUE,0.56338,22.9
2021,WSH,Capitals,E,EST,56,36,15,5,77,191,163,28,0.6875,covid_bubble,2020,0,0,0,0,0,0,0,FALSE,0,0,0,81500000,0,0,TRUE,FALSE,0,0,0,0,0,FALSE,0.652174,0
2022,ANA,Ducks,W,P,82,31,37,14,76,232,271,-39,0.463415,standard,2021,1560852.1,12689218,12,0,5,2,1,FALSE,12689218,86575000,12,82500000,1000000,0.15380870303030303,FALSE,TRUE,3,1,8,12,0.6666666666666666,TRUE,0.383929,37.1
2022,ARI,Coyotes,W,C,82,25,50,7,57,207,313,-106,0.347561,standard,2021,1043931,4025905,5,1,2,2,0,TRUE,4025905,6200000,5,82500000,1000000,0.04879884848484849,TRUE,FALSE,1,1,3,5,0.6,TRUE,0.482143,24.8
2022,BOS,Bruins,E,A,82,51,26,5,107,255,220,35,0.652439,standard,2021,717526.5,3025106,5,1,2,1,1,TRUE,3025106,5550000,5,82500000,1000000,0.03666795151515151,TRUE,FALSE,1,2,2,7,0.2857142857142857,TRUE,0.651786,17.1
2022,BUF,Sabres,E,A,82,32,39,11,75,232,290,-58,0.457317,standard,2021,1460201.25,5500805,4,1,2,0,1,TRUE,5500805,10850000,4,82500000,1000000,0.06667642424242425,FALSE,FALSE,2,0,3,6,0.5,TRUE,0.330357,34.7
2022,CAR,Hurricanes,E,M,82,54,20,8,116,278,202,76,0.707317,standard,2021,1375000,7600000,8,1,2,1,2,TRUE,7600000,7600000,8,82500000,1000000,0.09212121212121212,FALSE,FALSE,0,2,6,9,0.6666666666666666,TRUE,0.714286,32.7
2022,CBJ,Blue Jackets,E,M,82,37,38,7,81,262,300,-38,0.493902,standard,2021,1612601.5,10500406,3,0,1,1,1,FALSE,10500406,85000000,3,82500000,1000000,0.1272776484848485,FALSE,FALSE,1,0,2,3,0.6666666666666666,TRUE,0.428571,38.4
2022,CGY,Flames,W,P,82,50,21,11,111,293,208,85,0.676829,standard,2021,750766.2,3563206,5,0,1,4,0,FALSE,3563206,54625000,5,82500000,1000000,0.04319037575757575,TRUE,FALSE,1,2,2,12,0.16666666666666666,TRUE,0.491071,17.9
2022,CHI,Blackhawks,W,C,82,28,42,12,68,219,291,-72,0.414634,standard,2021,1265091.8,5900918,10,1,1,4,2,TRUE,5900918,16100000,10,82500000,1000000,0.07152627878787879,FALSE,FALSE,2,4,4,10,0.4,TRUE,0.491071,30.1
2022,COL,Avalanche,W,C,82,56,19,7,119,312,234,78,0.72561,standard,2021,867530.9,5275206,8,1,1,0,4,TRUE,5275206,8800000,8,82500000,1000000,0.06394189090909091,FALSE,FALSE,2,1,5,8,0.625,TRUE,0.732143,20.6
2022,DAL,Stars,W,C,82,46,30,6,98,238,246,-8,0.597561,standard,2021,1437500,7850000,4,0,2,0,2,FALSE,7850000,23200000,4,82500000,1000000,0.09515151515151515,FALSE,FALSE,0,0,4,4,1,TRUE,0.535714,34.2
2022,DET,Red Wings,E,A,82,32,40,10,74,230,312,-82,0.45122,standard,2021,4202701.25,26988305,10,0,4,2,2,FALSE,26988305,77300000,10,82500000,1000000,0.3271309696969697,FALSE,TRUE,3,2,5,10,0.5,TRUE,0.428571,100
2022,EDM,Oilers,W,P,82,49,27,6,104,290,252,38,0.634146,standard,2021,817052.1,3513006,5,2,1,1,1,TRUE,3513006,29275000,5,82500000,1000000,0.04258189090909091,TRUE,FALSE,2,1,2,6,0.3333333333333333,TRUE,0.642857,19.4
2022,FLA,Panthers,E,A,82,58,18,6,122,340,246,94,0.743902,standard,2021,1700000,8650000,10,2,3,2,1,TRUE,8650000,10850000,10,82500000,1000000,0.10484848484848484,FALSE,FALSE,4,2,4,11,0.3636363636363637,TRUE,0.705357,40.5
2022,LAK,Kings,W,P,82,44,27,11,99,239,236,3,0.603659,standard,2021,288750,825000,1,1,0,0,0,TRUE,825000,825000,1,82500000,1000000,0.01,TRUE,FALSE,0,0,1,2,0.5,TRUE,0.4375,6.9
2022,MIN,Wild,W,C,82,53,22,7,113,310,253,57,0.689024,standard,2021,657500,3100000,4,0,1,3,0,FALSE,3100000,4625000,4,82500000,1000000,0.03757575757575757,TRUE,FALSE,0,3,1,5,0.2,TRUE,0.669643,15.6
2022,MTL,Canadiens,E,A,82,22,49,11,55,221,319,-98,0.335366,standard,2021,487500,2250000,3,0,1,2,0,FALSE,2250000,2250000,3,82500000,1000000,0.02727272727272727,TRUE,FALSE,2,0,1,4,0.25,TRUE,0.526786,11.6
2022,NJD,Devils,E,M,82,27,46,9,63,248,307,-59,0.384146,standard,2021,775090.9,3550606,5,0,2,1,2,FALSE,3550606,34650000,5,82500000,1000000,0.04303764848484848,TRUE,FALSE,2,1,2,6,0.3333333333333333,TRUE,0.401786,18.4
2022,NSH,Predators,W,C,82,45,30,7,97,266,252,14,0.591463,standard,2021,1359435.9,5287906,7,1,3,1,2,TRUE,5287906,15575000,7,82500000,1000000,0.0640958303030303,FALSE,FALSE,4,1,2,7,0.2857142857142857,TRUE,0.571429,32.3
2022,NYI,Islanders,E,M,82,37,35,10,84,231,237,-6,0.512195,standard,2021,303125,1512500,2,0,1,0,1,FALSE,1512500,2275000,2,82500000,1000000,0.01833333333333333,TRUE,FALSE,0,0,2,3,0.6666666666666666,TRUE,0.633929,7.2
2022,NYR,Rangers,E,M,82,52,24,6,110,254,207,47,0.670732,standard,2021,1969375,16562500,8,2,2,0,2,TRUE,16562500,85575000,8,82500000,1000000,0.20075757575757577,FALSE,TRUE,4,1,3,8,0.375,TRUE,0.535714,46.9
2022,OTT,Senators,E,A,82,33,42,7,73,227,266,-39,0.445122,standard,2021,1970000,18100000,8,2,2,2,0,TRUE,18100000,44100000,8,82500000,1000000,0.2193939393939394,FALSE,TRUE,3,1,4,9,0.4444444444444444,TRUE,0.455357,46.9
2022,PHI,Flyers,E,M,82,25,46,11,61,211,298,-87,0.371951,standard,2021,830026.5,4025106,5,1,1,2,1,TRUE,4025106,11800000,5,82500000,1000000,0.04878916363636364,TRUE,FALSE,1,1,3,6,0.5,TRUE,0.517857,19.7
2022,PIT,Penguins,E,M,82,46,25,11,103,272,229,43,0.628049,standard,2021,1033885.75,5025905,5,1,1,0,1,TRUE,5025905,11425000,5,82500000,1000000,0.06092006060606061,FALSE,FALSE,0,4,1,6,0.16666666666666666,TRUE,0.6875,24.6
2022,SEA,Kraken,W,P,82,27,49,6,60,216,285,-69,0.365854,standard,2021,1867648.6,17025512,12,2,3,3,2,TRUE,17025512,70550000,12,82500000,1000000,0.2063698424242424,FALSE,TRUE,1,3,8,14,0.5714285714285714,TRUE,0.5561636129032258,44.4
2022,SJS,Sharks,W,P,82,32,37,13,77,214,264,-50,0.469512,standard,2021,1780041.2,8575206,9,1,3,2,3,TRUE,8575206,17850000,9,82500000,1000000,0.10394189090909092,FALSE,FALSE,1,3,5,9,0.5555555555555556,TRUE,0.4375,42.4
2022,STL,Blues,W,C,82,49,22,11,109,311,242,69,0.664634,standard,2021,1325000,6250000,7,1,0,3,3,TRUE,6250000,6250000,7,82500000,1000000,0.07575757575757576,FALSE,FALSE,0,2,5,8,0.625,TRUE,0.5625,31.5
2022,TBL,Lightning,E,A,82,51,23,8,110,287,233,54,0.670732,standard,2021,628201.5,6512806,5,0,3,0,0,FALSE,6512806,10275000,5,82500000,1000000,0.07894310303030302,FALSE,FALSE,0,1,4,5,0.8,TRUE,0.669643,14.9
2022,TOR,Maple Leafs,E,A,82,54,21,7,115,315,253,62,0.70122,standard,2021,1743141.9,6990736,7,1,2,3,1,TRUE,6990736,14290630,7,82500000,1000000,0.08473619393939394,FALSE,FALSE,2,1,4,7,0.5714285714285714,TRUE,0.6875,41.5
2022,VAN,Canucks,W,P,82,40,30,12,92,249,236,13,0.560976,standard,2021,1515010.6,7825212,7,1,2,1,1,TRUE,7825212,28900000,7,82500000,1000000,0.09485105454545456,FALSE,FALSE,1,3,3,8,0.375,TRUE,0.446429,36
2022,VGK,Golden Knights,W,P,82,43,31,8,94,266,248,18,0.573171,standard,2021,754375,3775000,4,1,0,1,2,TRUE,3775000,5300000,4,82500000,1000000,0.04575757575757576,TRUE,FALSE,2,1,1,7,0.14285714285714285,TRUE,0.732143,17.9
2022,WPG,Jets,W,C,82,39,32,11,89,252,257,-5,0.542683,standard,2021,603441.75,3763405,6,1,2,1,0,TRUE,3763405,5425000,6,82500000,1000000,0.0456170303030303,TRUE,FALSE,2,1,3,6,0.5,TRUE,0.5625,14.4
2022,WSH,Capitals,E,M,82,44,26,12,100,275,245,30,0.609756,standard,2021,0,0,0,0,0,0,0,FALSE,0,0,0,82500000,1000000,0,TRUE,FALSE,0,0,0,0,0,FALSE,0.6875,0
2023,ANA,Ducks,W,P,82,23,47,12,58,209,338,-129,0.353659,standard,2022,1012883.25,14051211,6,1,3,0,0,TRUE,14051211,64350000,6,83500000,1000000,0.1682779760479042,FALSE,TRUE,0,1,5,6,0.8333333333333334,TRUE,0.463415,21.7
2023,ARI,Coyotes,W,C,82,28,40,14,70,228,299,-71,0.426829,standard,2022,3520322,25076610,13,1,3,3,2,TRUE,25076610,32275000,13,83500000,1000000,0.30031868263473055,FALSE,TRUE,5,5,3,13,0.2307692307692308,TRUE,0.347561,75.5
2023,BOS,Bruins,E,A,82,65,12,5,135,305,177,128,0.823171,standard,2022,1146427.85,5651117,9,0,2,4,3,FALSE,5651117,12250000,9,83500000,1000000,0.06767804790419162,FALSE,FALSE,2,4,3,9,0.3333333333333333,TRUE,0.652439,24.6
2023,BUF,Sabres,E,A,82,42,33,7,91,296,300,-4,0.554878,standard,2022,2343333.25,8908333,5,2,2,1,0,TRUE,8908333,15575000,5,83500000,1000000,0.10668662275449102,FALSE,FALSE,1,2,2,5,0.4,TRUE,0.457317,50.3
2023,CAR,Hurricanes,E,M,82,52,21,9,113,266,213,53,0.689024,standard,2022,2550120.75,10200805,4,0,3,0,1,FALSE,10200805,18750000,4,83500000,1000000,0.12216532934131737,FALSE,FALSE,2,1,1,8,0.125,TRUE,0.707317,54.7
2023,CBJ,Blue Jackets,E,M,82,25,48,9,59,214,330,-116,0.359756,standard,2022,0,0,0,0,0,0,0,FALSE,0,0,0,83500000,1000000,0,TRUE,FALSE,0,0,0,0,0,FALSE,0.493902,0
2023,CGY,Flames,W,P,82,38,27,17,93,260,252,8,0.567073,standard,2022,618750,2475000,3,0,3,0,0,FALSE,2475000,2475000,3,83500000,1000000,0.02964071856287425,TRUE,FALSE,0,1,2,6,0.3333333333333333,TRUE,0.676829,13.3
2023,CHI,Blackhawks,W,C,82,26,49,7,59,204,301,-97,0.359756,standard,2022,41.2,206,1,0,0,1,0,FALSE,206,4000000,1,83500000,1000000,2.467065868263473e-6,TRUE,FALSE,0,1,0,1,0,FALSE,0.414634,0
2023,COL,Avalanche,W,C,82,51,24,7,109,280,226,54,0.664634,standard,2022,1818750,11800000,11,1,2,1,5,TRUE,11800000,25075000,11,83500000,1000000,0.14131736526946106,FALSE,FALSE,3,0,8,16,0.5,TRUE,0.72561,39
2023,DAL,Stars,W,C,82,47,21,14,108,285,218,67,0.658537,standard,2022,363791.2,1625824,6,0,1,1,0,FALSE,1625824,9625000,6,83500000,1000000,0.01947094610778443,TRUE,FALSE,3,0,3,7,0.42857142857142855,TRUE,0.597561,7.8
2023,DET,Red Wings,E,A,82,35,37,10,80,240,279,-39,0.487805,standard,2022,4662847.65,23851111,13,3,3,3,2,TRUE,23851111,55625000,13,83500000,1000000,0.2856420479041916,FALSE,TRUE,3,5,5,13,0.38461538461538464,TRUE,0.45122,100
2023,EDM,Oilers,W,P,82,50,23,9,109,325,260,65,0.664634,standard,2022,736310.9,6200406,9,0,1,1,3,FALSE,6200406,13300000,9,83500000,1000000,0.07425635928143713,FALSE,FALSE,0,4,5,9,0.5555555555555556,TRUE,0.634146,15.8
2023,FLA,Panthers,E,A,82,42,32,8,92,290,273,17,0.560976,standard,2022,2391620.1,9760624,12,2,4,3,3,TRUE,9760624,30535000,12,83500000,1000000,0.1168937005988024,FALSE,FALSE,1,3,8,14,0.5714285714285714,TRUE,0.743902,51.3
2023,LAK,Kings,W,P,82,47,25,10,104,280,257,23,0.634146,standard,2022,732799.85,4751117,9,2,3,0,1,TRUE,4751117,9550000,9,83500000,1000000,0.05689960479041916,FALSE,FALSE,3,5,1,9,0.1111111111111111,TRUE,0.603659,15.7
2023,MIN,Wild,W,C,82,46,25,11,103,246,225,21,0.628049,standard,2022,426250,2325000,3,0,0,2,1,FALSE,2325000,3100000,3,83500000,1000000,0.02784431137724551,TRUE,FALSE,1,0,2,4,0.5,TRUE,0.689024,9.1
2023,MTL,Canadiens,E,A,82,31,45,6,68,232,307,-75,0.414634,standard,2022,348750,1550000,2,0,1,1,0,FALSE,1550000,1550000,2,83500000,1000000,0.018562874251497,TRUE,FALSE,0,0,2,3,0.6666666666666666,TRUE,0.335366,7.5
2023,NJD,Devils,E,M,82,52,22,8,112,291,226,65,0.682927,standard,2022,1007717.15,3875911,7,2,1,3,1,TRUE,3875911,6450000,7,83500000,1000000,0.04641809580838323,TRUE,FALSE,1,3,3,9,0.3333333333333333,TRUE,0.384146,21.6
2023,NSH,Predators,W,C,82,42,32,8,92,229,238,-9,0.560976,standard,2022,2619000,19205000,8,1,1,2,1,TRUE,19205000,47760000,8,83500000,1000000,0.23,FALSE,TRUE,3,0,5,11,0.4545454545454546,TRUE,0.591463,56.2
2023,NYI,Islanders,E,M,82,42,31,9,93,243,222,21,0.567073,standard,2022,389375,2337500,3,0,0,1,2,FALSE,2337500,3125000,3,83500000,1000000,0.0279940119760479,TRUE,FALSE,1,1,1,6,0.16666666666666666,TRUE,0.512195,8.4
2023,NYR,Rangers,E,M,82,47,22,13,107,277,219,58,0.652439,standard,2022,828406.75,3939110,7,0,3,1,3,FALSE,3939110,6312500,7,83500000,1000000,0.04717497005988023,TRUE,FALSE,1,3,3,7,0.42857142857142855,TRUE,0.670732,17.8
2023,OTT,Senators,E,A,82,39,35,8,86,261,271,-10,0.52439,standard,2022,426468,2325912,5,1,0,2,2,TRUE,2325912,27325000,5,83500000,1000000,0.02785523353293413,TRUE,FALSE,0,2,3,8,0.375,TRUE,0.445122,9.1
2023,PHI,Flyers,E,M,82,31,38,13,75,222,277,-55,0.457317,standard,2022,1260000,6425000,5,0,2,2,1,FALSE,6425000,9575000,5,83500000,1000000,0.07694610778443113,FALSE,FALSE,1,3,1,5,0.2,TRUE,0.371951,27
2023,PIT,Penguins,E,M,82,40,31,11,91,262,264,-2,0.554878,standard,2022,3416373.2,19563626,18,2,4,3,4,TRUE,19563626,62185000,18,83500000,1000000,0.23429492215568865,FALSE,TRUE,2,7,9,18,0.5,TRUE,0.628049,73.3
2023,SEA,Kraken,W,P,82,46,28,8,100,289,256,33,0.609756,standard,2022,1630000,8525000,7,0,2,2,1,FALSE,8525000,11675000,7,83500000,1000000,0.10209580838323354,FALSE,FALSE,1,1,5,8,0.625,TRUE,0.365854,35
2023,SJS,Sharks,W,P,82,22,44,16,60,234,321,-87,0.365854,standard,2022,982620.75,5300805,7,0,1,2,4,FALSE,5300805,10650000,7,83500000,1000000,0.06348269461077845,FALSE,FALSE,2,1,4,9,0.4444444444444444,TRUE,0.469512,21.1
2023,STL,Blues,W,C,82,37,38,7,81,263,301,-38,0.493902,standard,2022,930000,3875000,5,1,2,1,1,TRUE,3875000,4650000,5,83500000,1000000,0.04640718562874251,TRUE,FALSE,2,0,3,5,0.6,TRUE,0.664634,19.9
2023,TBL,Lightning,E,A,82,46,30,6,98,283,254,29,0.597561,standard,2022,581933.15,3105896,10,0,1,2,4,FALSE,3105896,16301665,10,83500000,1000000,0.03719635928143713,TRUE,FALSE,1,4,5,10,0.5,TRUE,0.670732,12.5
2023,TOR,Maple Leafs,E,A,82,50,21,11,111,279,222,57,0.676829,standard,2022,3107530.6,14975612,10,1,4,1,2,TRUE,14975612,23675000,10,83500000,1000000,0.17934864670658682,FALSE,TRUE,2,2,6,10,0.6,TRUE,0.70122,66.6
2023,VAN,Canucks,W,P,82,38,37,7,83,276,298,-22,0.506098,standard,2022,1977576.5,8300306,6,1,3,2,0,TRUE,8300306,19400000,6,83500000,1000000,0.0994048622754491,FALSE,FALSE,2,0,4,6,0.6666666666666666,TRUE,0.560976,42.4
2023,VGK,Golden Knights,W,P,82,51,22,9,111,272,229,43,0.676829,standard,2022,38750,775000,1,0,0,0,0,FALSE,775000,1550000,1,83500000,1000000,0.0092814371257485,TRUE,FALSE,0,0,1,2,0.5,TRUE,0.573171,0.8
2023,WPG,Jets,W,C,82,46,33,3,95,247,225,22,0.579268,standard,2022,1000000,3300000,3,2,0,0,1,TRUE,3300000,3300000,3,83500000,1000000,0.03952095808383234,TRUE,FALSE,0,3,0,5,0,FALSE,0.542683,21.4
2023,WSH,Capitals,E,M,82,35,37,10,80,255,265,-10,0.487805,standard,2022,0,0,0,0,0,0,0,FALSE,0,0,0,83500000,1000000,0,TRUE,FALSE,0,0,0,0,0,FALSE,0.609756,0
2024,ANA,Ducks,W,P,82,27,50,5,59,204,295,-91,0.359756,standard,2023,273750,1562500,2,0,0,1,1,FALSE,1562500,2350000,2,88000000,4500000,0.01775568181818182,TRUE,FALSE,0,0,2,4,0.5,TRUE,0.353659,7
2024,ARI,Coyotes,W,C,82,36,41,5,77,256,274,-18,0.469512,standard,2023,0,0,0,0,0,0,0,FALSE,0,0,0,88000000,4500000,0,TRUE,FALSE,0,0,0,0,0,FALSE,0.426829,0
2024,BOS,Bruins,E,A,82,47,20,15,109,267,224,43,0.664634,standard,2023,1550126.5,19375506,8,0,3,1,2,FALSE,19375506,144700000,8,88000000,4500000,0.22017620454545456,FALSE,TRUE,0,1,7,8,0.875,TRUE,0.823171,39.5
2024,BUF,Sabres,E,A,82,39,37,6,84,246,244,2,0.512195,standard,2023,1245128.9,5426324,10,2,3,2,1,TRUE,5426324,21200000,10,88000000,4500000,0.06166277272727272,FALSE,FALSE,1,4,5,11,0.4545454545454546,TRUE,0.554878,31.7
2024,CAR,Hurricanes,E,M,82,52,23,7,111,279,216,63,0.676829,standard,2023,2983780.9,14425206,10,1,3,1,2,TRUE,14425206,47225000,10,88000000,4500000,0.16392279545454547,FALSE,TRUE,1,7,2,11,0.18181818181818185,TRUE,0.689024,76.1
2024,CBJ,Blue Jackets,E,M,82,27,43,12,66,237,300,-63,0.402439,standard,2023,1720135.75,7825905,5,1,1,2,1,TRUE,7825905,30725000,5,88000000,4500000,0.08893073863636364,FALSE,FALSE,0,2,4,6,0.6666666666666666,TRUE,0.359756,43.9
2024,CGY,Flames,W,P,82,38,39,5,81,253,271,-18,0.493902,standard,2023,1546482.15,7276011,6,1,3,0,2,TRUE,7276011,14600000,6,88000000,4500000,0.08268194318181818,FALSE,FALSE,2,2,2,6,0.3333333333333333,TRUE,0.567073,39.4
2024,CHI,Blackhawks,W,C,82,23,53,6,52,179,290,-111,0.317073,standard,2023,3922612.1,30050618,10,1,2,0,2,TRUE,30050618,92000000,10,88000000,4500000,0.34148429545454545,FALSE,TRUE,3,1,6,11,0.5454545454545454,TRUE,0.359756,100
2024,COL,Avalanche,W,C,82,50,25,7,107,304,254,50,0.652439,standard,2023,970427.5,4201710,7,0,5,2,0,FALSE,4201710,7500000,7,88000000,4500000,0.04774670454545454,TRUE,FALSE,1,2,4,9,0.4444444444444444,TRUE,0.664634,24.7
2024,DAL,Stars,W,C,82,52,21,9,113,298,234,64,0.689024,standard,2023,2370063.6,10100212,8,1,4,2,1,TRUE,10100212,25125000,8,88000000,4500000,0.11477513636363636,FALSE,FALSE,2,3,4,11,0.3636363636363637,TRUE,0.658537,60.4
2024,DET,Red Wings,E,A,82,41,32,9,91,278,274,4,0.554878,standard,2023,2440212.5,11126011,9,2,2,2,3,TRUE,11126011,23950000,9,88000000,4500000,0.1264319431818182,FALSE,FALSE,3,2,4,10,0.4,TRUE,0.487805,62.2
2024,EDM,Oilers,W,P,82,49,27,6,104,294,237,57,0.634146,standard,2023,658847.7,2326530,8,1,3,0,0,TRUE,2326530,27325000,8,88000000,4500000,0.0264378409090909,TRUE,FALSE,3,3,2,12,0.16666666666666666,TRUE,0.664634,16.8
2024,FLA,Panthers,E,A,82,52,24,6,110,268,200,68,0.670732,standard,2023,1297201.25,6295805,9,1,3,1,4,TRUE,6295805,7945000,9,88000000,4500000,0.07154323863636364,FALSE,FALSE,1,3,5,9,0.5555555555555556,TRUE,0.560976,33.1
2024,LAK,Kings,W,P,82,44,27,11,99,256,215,41,0.603659,standard,2023,2301250,11225000,7,0,3,2,2,FALSE,11225000,31325000,7,88000000,4500000,0.1275568181818182,FALSE,FALSE,3,2,2,11,0.18181818181818185,TRUE,0.634146,58.7
2024,MIN,Wild,W,C,82,39,34,9,87,251,263,-12,0.530488,standard,2023,1978750,10475000,10,1,2,3,2,TRUE,10475000,23300000,10,88000000,4500000,0.11903409090909092,FALSE,FALSE,5,2,3,10,0.3,TRUE,0.628049,50.4
2024,MTL,Canadiens,E,A,82,30,36,16,76,236,289,-53,0.463415,standard,2023,155000,775000,1,0,0,1,0,FALSE,775000,775000,1,88000000,4500000,0.00880681818181818,TRUE,FALSE,1,0,0,1,0,FALSE,0.414634,4
2024,NJD,Devils,E,M,82,38,39,5,81,264,283,-19,0.493902,standard,2023,2277601.5,13400406,7,0,3,0,2,FALSE,13400406,59950000,7,88000000,4500000,0.1522773409090909,FALSE,TRUE,2,0,5,7,0.7142857142857143,TRUE,0.682927,58.1
2024,NSH,Predators,W,C,82,47,30,5,99,269,248,21,0.603659,standard,2023,2400337.7,10101512,8,2,2,4,0,TRUE,10101512,116925000,8,88000000,4500000,0.1147899090909091,FALSE,FALSE,3,1,4,9,0.4444444444444444,TRUE,0.560976,61.2
2024,NYI,Islanders,E,M,82,39,27,16,94,246,263,-17,0.573171,standard,2023,853750,9325000,5,0,1,2,0,FALSE,9325000,30325000,5,88000000,4500000,0.1059659090909091,FALSE,FALSE,1,2,2,8,0.25,TRUE,0.567073,21.8
2024,NYR,Rangers,E,M,82,55,23,4,114,282,229,53,0.695122,standard,2023,351896.2,1562606,3,0,1,2,0,FALSE,1562606,5350000,3,88000000,4500000,0.01775688636363636,TRUE,FALSE,0,1,2,4,0.5,TRUE,0.652439,9
2024,OTT,Senators,E,A,82,37,41,4,78,255,281,-26,0.47561,standard,2023,1348871.1,6552422,10,0,2,3,1,FALSE,6552422,29350000,10,88000000,4500000,0.07445934090909091,FALSE,FALSE,6,0,4,11,0.3636363636363637,TRUE,0.52439,34.4
2024,PHI,Flyers,E,M,82,38,33,11,87,235,261,-26,0.530488,standard,2023,426250,1550000,2,1,0,1,0,TRUE,1550000,2325000,2,88000000,4500000,0.01761363636363636,TRUE,FALSE,0,1,1,3,0.3333333333333333,TRUE,0.457317,10.9
2024,PIT,Penguins,E,M,82,38,32,12,88,255,251,4,0.536585,standard,2023,2097500,9725000,8,0,4,2,2,FALSE,9725000,12350000,8,88000000,4500000,0.11051136363636364,FALSE,FALSE,2,2,4,9,0.4444444444444444,TRUE,0.554878,53.5
2024,SEA,Kraken,W,P,82,34,35,13,81,217,236,-19,0.493902,standard,2023,2754464.25,11792857,7,0,4,1,2,FALSE,11792857,55425000,7,88000000,4500000,0.13400973863636365,FALSE,FALSE,1,0,6,7,0.8571428571428571,TRUE,0.609756,70.2
2024,SJS,Sharks,W,P,82,19,54,9,47,181,331,-150,0.286585,standard,2023,364274.05,1628328,7,0,2,3,0,FALSE,1628328,62825000,7,88000000,4500000,0.01850372727272727,TRUE,FALSE,2,2,3,7,0.42857142857142855,TRUE,0.365854,9.3
2024,STL,Blues,W,C,82,43,33,6,92,239,250,-11,0.560976,standard,2023,625000,2500000,3,0,3,0,0,FALSE,2500000,2500000,3,88000000,4500000,0.0284090909090909,TRUE,FALSE,2,0,1,4,0.25,TRUE,0.493902,15.9
2024,TBL,Lightning,E,A,82,45,29,8,98,291,268,23,0.597561,standard,2023,588885.75,4025905,6,0,2,0,2,FALSE,4025905,8325000,6,88000000,4500000,0.04574892045454545,TRUE,FALSE,3,1,2,6,0.3333333333333333,TRUE,0.597561,15
2024,TOR,Maple Leafs,E,A,82,46,26,10,102,303,263,40,0.621951,standard,2023,2885000,11295000,7,1,4,1,1,TRUE,11295000,24295000,7,88000000,4500000,0.12835227272727273,FALSE,FALSE,4,1,2,9,0.2222222222222222,TRUE,0.676829,73.5
2024,VAN,Canucks,W,P,82,50,23,9,109,279,223,56,0.664634,standard,2023,2598801.5,13375206,8,2,2,1,3,TRUE,13375206,54125000,8,88000000,4500000,0.15199097727272728,FALSE,TRUE,2,2,4,8,0.5,TRUE,0.506098,66.3
2024,VGK,Golden Knights,W,P,82,45,29,8,98,267,245,22,0.597561,standard,2023,1600000,8975000,8,1,1,3,1,TRUE,8975000,9750000,8,88000000,4500000,0.10198863636363636,FALSE,FALSE,1,2,5,9,0.5555555555555556,TRUE,0.676829,40.8
2024,WPG,Jets,W,C,82,52,24,6,110,259,199,60,0.670732,standard,2023,504068.85,2325911,5,2,1,2,0,TRUE,2325911,5700000,5,88000000,4500000,0.02643080681818182,TRUE,FALSE,2,0,3,6,0.5,TRUE,0.579268,12.9
2024,WSH,Capitals,E,M,82,40,31,11,91,220,257,-37,0.554878,standard,2023,0,0,0,0,0,0,0,FALSE,0,0,0,88000000,4500000,0,TRUE,FALSE,0,0,0,0,0,FALSE,0.487805,0
2025,ANA,Ducks,W,P,81,35,37,9,79,220,261,-41,0.487654,standard,2024,141.20000000000002,706,1,0,0,1,0,FALSE,706,21000000,1,95500000,7500000,7.392670157068063e-6,TRUE,FALSE,0,1,0,1,0,FALSE,0.359756,0
2025,BOS,Bruins,E,A,82,33,39,10,76,222,272,-50,0.463415,standard,2024,1871250,10025000,7,0,2,3,2,FALSE,10025000,26925000,7,95500000,7500000,0.1049738219895288,FALSE,FALSE,1,2,4,8,0.5,TRUE,0.664634,67
2025,BUF,Sabres,E,A,81,35,39,7,77,264,285,-21,0.475309,standard,2024,1548976.25,7225905,8,2,1,2,2,TRUE,7225905,12975000,8,95500000,7500000,0.07566392670157068,FALSE,FALSE,2,3,3,8,0.375,TRUE,0.512195,55.5
2025,CAR,Hurricanes,E,M,80,47,28,5,99,259,222,37,0.61875,standard,2024,1666250,10375000,3,0,1,0,2,FALSE,10375000,52875000,3,95500000,7500000,0.1086387434554974,FALSE,FALSE,2,0,1,6,0.16666666666666666,TRUE,0.676829,59.7
2025,CBJ,Blue Jackets,E,M,81,39,33,9,87,267,267,0,0.537037,standard,2024,570227.75,2850911,5,0,3,1,1,FALSE,2850911,5950000,5,95500000,7500000,0.02985247120418848,TRUE,FALSE,2,0,3,5,0.6,TRUE,0.402439,20.4
2025,CGY,Flames,W,P,81,40,27,14,94,220,237,-17,0.580247,standard,2024,0,0,0,0,0,0,0,FALSE,0,0,0,95500000,7500000,0,TRUE,FALSE,0,0,0,1,0,FALSE,0.493902,0
2025,CHI,Blackhawks,W,C,82,25,46,11,61,226,296,-70,0.371951,standard,2024,170026.5,850106,2,0,1,1,0,FALSE,850106,2700000,2,95500000,7500000,0.0089016335078534,TRUE,FALSE,1,0,1,2,0.5,TRUE,0.317073,6.1
2025,COL,Avalanche,W,C,82,49,29,4,102,277,234,43,0.621951,standard,2024,740026.5,3900106,5,0,2,2,1,FALSE,3900106,5675000,5,95500000,7500000,0.04083880628272251,TRUE,FALSE,0,3,2,6,0.3333333333333333,TRUE,0.652439,26.5
2025,DAL,Stars,W,C,81,50,25,6,106,276,219,57,0.654321,standard,2024,116291.2,775206,2,0,0,1,1,FALSE,775206,6775000,2,95500000,7500000,0.00811734031413612,TRUE,FALSE,1,0,1,2,0.5,TRUE,0.689024,4.2
2025,DET,Red Wings,E,A,80,38,35,7,83,230,253,-23,0.51875,standard,2024,992542.4,4550212,5,0,3,1,1,FALSE,4550212,9450000,5,95500000,7500000,0.04764619895287958,TRUE,FALSE,3,1,1,5,0.2,TRUE,0.554878,35.6
2025,EDM,Oilers,W,P,81,47,29,5,99,256,236,20,0.611111,standard,2024,1382500,8200000,6,1,1,1,1,TRUE,8200000,13350000,6,95500000,7500000,0.08586387434554973,FALSE,FALSE,0,0,6,6,1,TRUE,0.634146,49.5
2025,FLA,Panthers,E,A,82,47,31,4,98,252,223,29,0.597561,standard,2024,891250,3875000,5,1,1,2,1,TRUE,3875000,3875000,5,95500000,7500000,0.04057591623036649,TRUE,FALSE,2,2,1,6,0.16666666666666666,TRUE,0.670732,31.9
2025,LAK,Kings,W,P,81,48,24,9,105,249,201,48,0.648148,standard,2024,2791382.4,11575612,8,1,3,2,2,TRUE,11575612,44600000,8,95500000,7500000,0.12121059685863876,FALSE,FALSE,1,2,5,9,0.5555555555555556,TRUE,0.603659,100
2025,MIN,Wild,W,C,82,45,30,7,97,228,239,-11,0.591463,standard,2024,697742.45,3101011,6,1,2,1,2,TRUE,3101011,9450000,6,95500000,7500000,0.03247131937172775,TRUE,FALSE,0,0,6,6,1,TRUE,0.530488,25
2025,MTL,Canadiens,E,A,81,39,31,11,89,241,263,-22,0.549383,standard,2024,906452.2,3476011,6,1,2,2,1,TRUE,3476011,5375000,6,95500000,7500000,0.03639802094240838,TRUE,FALSE,1,2,3,6,0.5,TRUE,0.463415,32.5
2025,NJD,Devils,E,M,81,42,32,7,91,240,217,23,0.561728,standard,2024,232561.8,3100412,6,0,0,0,3,FALSE,3100412,16875000,6,95500000,7500000,0.03246504712041884,TRUE,FALSE,0,4,2,7,0.2857142857142857,TRUE,0.493902,8.3
2025,NSH,Predators,W,C,81,29,44,8,66,209,273,-64,0.407407,standard,2024,687500,2750000,1,0,1,0,0,FALSE,2750000,5500000,1,95500000,7500000,0.0287958115183246,TRUE,FALSE,0,0,1,1,1,TRUE,0.603659,24.6
2025,NYI,Islanders,E,M,81,35,34,12,82,223,254,-31,0.506173,standard,2024,707598,3425512,6,1,2,1,2,TRUE,3425512,13525000,6,95500000,7500000,0.03586923560209424,TRUE,FALSE,1,2,3,7,0.42857142857142855,TRUE,0.573171,25.3
2025,NYR,Rangers,E,M,81,38,36,7,83,252,255,-3,0.512346,standard,2024,922676.5,4600706,6,1,2,0,3,TRUE,4600706,56650000,6,95500000,7500000,0.04817493193717277,TRUE,FALSE,3,2,1,6,0.16666666666666666,TRUE,0.695122,33.1
2025,OTT,Senators,E,A,81,44,30,7,95,236,229,7,0.58642,standard,2024,1191875,7737500,8,2,1,0,2,TRUE,7737500,8550000,8,95500000,7500000,0.08102094240837697,FALSE,FALSE,1,6,1,9,0.1111111111111111,TRUE,0.47561,42.7
2025,PHI,Flyers,E,M,81,33,38,10,76,234,281,-47,0.469136,standard,2024,2086476.25,15800905,6,1,2,1,0,TRUE,15800905,20050000,6,95500000,7500000,0.16545450261780104,FALSE,TRUE,0,3,3,6,0.5,TRUE,0.530488,74.7
2025,PIT,Penguins,E,M,81,33,36,12,78,238,291,-53,0.481481,standard,2024,1104027.75,6326111,7,0,4,0,3,FALSE,6326111,12400000,7,95500000,7500000,0.066242,FALSE,FALSE,1,2,4,9,0.4444444444444444,TRUE,0.536585,39.6
2025,SEA,Kraken,W,P,82,35,41,6,76,247,265,-18,0.463415,standard,2024,1125037.1,4500106,2,1,1,0,0,TRUE,4500106,19000000,2,95500000,7500000,0.04712152879581152,TRUE,FALSE,0,1,1,2,0.5,TRUE,0.493902,40.3
2025,SJS,Sharks,W,P,81,20,49,12,52,210,312,-102,0.320988,standard,2024,2640173.3,10801224,10,1,3,4,0,TRUE,10801224,31300000,10,95500000,7500000,0.1131018219895288,FALSE,FALSE,3,1,6,12,0.5,TRUE,0.286585,94.6
2025,STL,Blues,W,C,82,44,30,8,96,254,233,21,0.585366,standard,2024,1523750,8200000,5,1,0,2,0,TRUE,8200000,14075000,5,95500000,7500000,0.08586387434554973,FALSE,FALSE,1,4,0,5,0,FALSE,0.560976,54.6
2025,TBL,Lightning,E,A,81,47,26,8,102,294,215,79,0.62963,standard,2024,813750,4650000,5,0,1,1,3,FALSE,4650000,8525000,5,95500000,7500000,0.04869109947643979,TRUE,FALSE,2,1,2,5,0.4,TRUE,0.597561,29.2
2025,TOR,Maple Leafs,E,A,81,51,26,4,106,264,228,36,0.654321,standard,2024,480000,2400000,3,0,0,3,0,FALSE,2400000,4025000,3,95500000,7500000,0.02513089005235602,TRUE,FALSE,2,1,0,4,0,FALSE,0.621951,17.2
2025,UTA,Utah Hockey Club,W,C,82,38,31,13,89,241,251,-10,0.542683,standard,2024,2123750,14050000,7,1,2,1,0,TRUE,14050000,36050000,7,95500000,7500000,0.14712041884816754,FALSE,FALSE,3,1,3,9,0.3333333333333333,TRUE,0.469512,76.1
2025,VAN,Canucks,W,P,81,38,29,14,90,235,249,-14,0.555556,standard,2024,1150000,4975000,6,1,2,2,1,TRUE,4975000,6525000,6,95500000,7500000,0.05209424083769633,FALSE,FALSE,1,1,4,6,0.6666666666666666,TRUE,0.664634,41.2
2025,VGK,Golden Knights,W,P,81,49,22,10,108,271,218,53,0.666667,standard,2024,603326.25,2738305,4,0,3,0,1,FALSE,2738305,6300000,4,95500000,7500000,0.02867335078534031,TRUE,FALSE,0,1,3,5,0.6,TRUE,0.597561,21.6
2025,WPG,Jets,W,C,81,55,22,4,114,275,190,85,0.703704,standard,2024,1301281.8,13625212,10,1,1,0,5,TRUE,13625212,15625000,10,95500000,7500000,0.14267237696335078,FALSE,FALSE,3,4,3,11,0.2727272727272727,TRUE,0.670732,46.6
2025,WSH,Capitals,E,M,81,51,21,9,111,286,227,59,0.685185,standard,2024,0,0,0,0,0,0,0,FALSE,0,0,0,95500000,7500000,0,TRUE,FALSE,0,0,0,0,0,FALSE,0.554878,0
